﻿<?xml version='1.0' encoding='UTF-8'?>
<dd:deploy xmlns:dd="http://www.apache.org/ode/schemas/dd/2007/03"><dd:process xmlns:txDeliveryFailure="http://ns.mediasmithsforge.com/foxtel/wfAdapter/txDeliveryFailure.rest" xmlns:tcAdapter="http://ns.mediasmiths.com/foxtel/tc/adapter" xmlns:WFAdapter__2="http://ns.mediasmithsforge.com/foxtel/tx-delivery/WFAdapter__2" xmlns:getDeliveryLocation="http://ns.mediasmithsforge.com/foxtel/wfAdapter/getDeliveryLocation.rest" xmlns:TX_Delivery="http://ns.mediasmithsforge.com/foxtel/tx-delivery" xmlns:writeSegmentXML="http://ns.mediasmithsforge.com/foxtel/wfAdapter/writeSegmentXML.rest" xmlns:xs="http://www.w3.org/2001/XMLSchema" xmlns:isTaskCancelled="http://ns.mediasmithsforge.com/foxtel/wfAdapter/isTaskCancelled.rest" xmlns:dd="http://www.apache.org/ode/schemas/dd/2007/03" xmlns:FSAdapter="http://ns.mediasmiths.com/foxtel/fs/adapter" xmlns:segmentxmlftptransfer="http://ns.mediasmithsforge.com/foxtel/wfAdapter/segmentxmlftptransfer.rest" xmlns:txDeliveryComplete="http://ns.mediasmithsforge.com/foxtel/wfAdapter/txDeliveryComplete.rest" xmlns:fxpTransferStatus="http://ns.mediasmithsforge.com/foxtel/wfAdapter/fxpTransferStatus.rest" xmlns:startFxpTransfer="http://ns.mediasmithsforge.com/foxtel/wfAdapter/startFxpTransfer.rest" xmlns:tns="http://ns.mediasmiths.com/foxtel/wf/adapter" xmlns:abortFxpTransfer="http://ns.mediasmithsforge.com/foxtel/wfAdapter/abortFxpTransfer.rest" xmlns:txDeliveryFinished="http://ns.mediasmithsforge.com/foxtel/wfAdapter/txDeliveryFinished.rest" xmlns:FS_Adapter="http://ns.mediasmithsforge.com/foxtel/tx-delivery/FS_Adapter" xmlns:delete="http://ns.mediasmithsforge.com/foxtel/fsAdapter/delete.rest" xmlns:Auto_QC="http://ns.mediasmithsforge.com/foxtel/tx-delivery/Auto_QC" xmlns:this="http://ns.mediasmithsforge.com/foxtel/tx-delivery/Delivery" xmlns:move="http://ns.mediasmithsforge.com/foxtel/fsAdapter/move.rest" xmlns:xsi="http://www.w3.org/2001/XMLSchema-instance" name="this:Delivery" fileName="tx-delivery-Delivery.bpel">
  <dd:property name="PATH">tx-delivery</dd:property>
  <dd:property name="SVG">tx-delivery.svg</dd:property>
  <dd:provide partnerLink="auto_QcAndDeliveryPlkVar">
    <dd:service name="this:CanonicServiceForAuto_QC" port="canonicPort"></dd:service>
  </dd:provide>
  <dd:invoke partnerLink="deliveryAndWFAdapter__2ForHttpPortPlk3Var">
    <dd:service name="isTaskCancelled:restService" port="httpPort"></dd:service>
  </dd:invoke>
  <dd:invoke partnerLink="fS_AdapterAndDeliveryForHttpPortPlk0Var">
    <dd:service name="delete:restService" port="httpPort"></dd:service>
  </dd:invoke>
  <dd:invoke partnerLink="fS_AdapterAndDeliveryForHttpPortPlk1Var">
    <dd:service name="move:restService" port="httpPort"></dd:service>
  </dd:invoke>
  <dd:invoke partnerLink="deliveryAndWFAdapter__2ForHttpPortPlk7Var">
    <dd:service name="txDeliveryFailure:restService" port="httpPort"></dd:service>
  </dd:invoke>
  <dd:invoke partnerLink="deliveryAndWFAdapter__2ForHttpPortPlk8Var">
    <dd:service name="writeSegmentXML:restService" port="httpPort"></dd:service>
  </dd:invoke>
  <dd:invoke partnerLink="deliveryAndWFAdapter__2ForHttpPortPlk2Var">
    <dd:service name="getDeliveryLocation:restService" port="httpPort"></dd:service>
  </dd:invoke>
  <dd:invoke partnerLink="fS_AdapterAndDeliveryForHttpPortPlk2Var">
    <dd:service name="txDeliveryFailure:restService" port="httpPort"></dd:service>
  </dd:invoke>
  <dd:invoke partnerLink="deliveryAndWFAdapter__2ForHttpPortPlk6Var">
    <dd:service name="txDeliveryComplete:restService" port="httpPort"></dd:service>
  </dd:invoke>
  <dd:invoke partnerLink="deliveryAndWFAdapter__2ForHttpPortPlk5Var">
    <dd:service name="startFxpTransfer:restService" port="httpPort"></dd:service>
  </dd:invoke>
  <dd:invoke partnerLink="deliveryAndWFAdapter__2ForHttpPortPlk0Var">
    <dd:service name="abortFxpTransfer:restService" port="httpPort"></dd:service>
  </dd:invoke>
  <dd:invoke partnerLink="deliveryAndWFAdapter__2ForHttpPortPlk1Var">
    <dd:service name="fxpTransferStatus:restService" port="httpPort"></dd:service>
  </dd:invoke>
  <dd:invoke partnerLink="deliveryAndWFAdapter__2ForHttpPortPlk4Var">
    <dd:service name="segmentxmlftptransfer:restService" port="httpPort"></dd:service>
  </dd:invoke>
</dd:process><dd:process xmlns:xs="http://www.w3.org/2001/XMLSchema" xmlns:tcGetPriority="http://ns.mediasmithsforge.com/foxtel/wfAdapter/tcGetPriority.rest" xmlns:queryJob="http://ns.mediasmithsforge.com/foxtel/tcAdapter/queryJob.rest" xmlns:WFAdapter="http://ns.mediasmithsforge.com/foxtel/tx-delivery/WFAdapter" xmlns:wfAdapter="http://ns.mediasmiths.com/foxtel/wf/adapter" xmlns:FSAdapter="http://ns.mediasmiths.com/foxtel/fs/adapter" xmlns:dd="http://www.apache.org/ode/schemas/dd/2007/03" xmlns:delete="http://ns.mediasmithsforge.com/foxtel/fsAdapter/delete.rest" xmlns:fs="http://ns.mediasmithsforge.com/foxtel/tx-delivery/fs" xmlns:tcFailure="http://ns.mediasmithsforge.com/foxtel/wfAdapter/tcFailure.rest" xmlns:TCAdapter="http://ns.mediasmithsforge.com/foxtel/tx-delivery/TCAdapter" xmlns:tcTotalFailure="http://ns.mediasmithsforge.com/foxtel/wfAdapter/tcTotalFailure.rest" xmlns:TX_Delivery="http://ns.mediasmithsforge.com/foxtel/tx-delivery" xmlns:isTaskCancelled="http://ns.mediasmithsforge.com/foxtel/wfAdapter/isTaskCancelled.rest" xmlns:autoQCRequiredForTX="http://ns.mediasmithsforge.com/foxtel/wfAdapter/autoQCRequiredForTX.rest" xmlns:tcPassed="http://ns.mediasmithsforge.com/foxtel/wfAdapter/tcPassed.rest" xmlns:createJob="http://ns.mediasmithsforge.com/foxtel/tcAdapter/createJob.rest" xmlns:Caller="http://ns.mediasmithsforge.com/foxtel/tx-delivery/Caller" xmlns:tns="http://ns.mediasmiths.com/foxtel/tc/adapter" xmlns:deleteJob="http://ns.mediasmithsforge.com/foxtel/tcAdapter/deleteJob.rest" xmlns:Auto_QC="http://ns.mediasmithsforge.com/foxtel/tx-delivery/Auto_QC" xmlns:setPriority="http://ns.mediasmithsforge.com/foxtel/tcAdapter/setPriority.rest" xmlns:this="http://ns.mediasmithsforge.com/foxtel/tx-delivery/Transcode" xmlns:xsi="http://www.w3.org/2001/XMLSchema-instance" name="this:Transcode" fileName="tx-delivery-Transcode.bpel">
  <dd:property name="PATH">tx-delivery</dd:property>
  <dd:property name="SVG">tx-delivery.svg</dd:property>
  <dd:provide partnerLink="transcodeAndCallerPlkVar">
    <dd:service name="this:CanonicServiceForCaller" port="canonicPort"></dd:service>
  </dd:provide>
  <dd:invoke partnerLink="transcodeAndFsForHttpPortPlkVar">
    <dd:service name="delete:restService" port="httpPort"></dd:service>
  </dd:invoke>
  <dd:invoke partnerLink="transcodeAndTCAdapterForHttpPortPlk0Var">
    <dd:service name="createJob:restService" port="httpPort"></dd:service>
  </dd:invoke>
  <dd:invoke partnerLink="transcodeAndTCAdapterForHttpPortPlk2Var">
    <dd:service name="queryJob:restService" port="httpPort"></dd:service>
  </dd:invoke>
  <dd:invoke partnerLink="transcodeAndWFAdapterForHttpPortPlk0Var">
    <dd:service name="isTaskCancelled:restService" port="httpPort"></dd:service>
  </dd:invoke>
  <dd:invoke partnerLink="transcodeAndTCAdapterForHttpPortPlk1Var">
    <dd:service name="deleteJob:restService" port="httpPort"></dd:service>
  </dd:invoke>
  <dd:invoke partnerLink="transcodeAndWFAdapterForHttpPortPlk2Var">
    <dd:service name="tcGetPriority:restService" port="httpPort"></dd:service>
  </dd:invoke>
  <dd:invoke partnerLink="transcodeAndTCAdapterForHttpPortPlk3Var">
    <dd:service name="setPriority:restService" port="httpPort"></dd:service>
  </dd:invoke>
  <dd:invoke partnerLink="transcodeAndWFAdapterForHttpPortPlk3Var">
    <dd:service name="tcPassed:restService" port="httpPort"></dd:service>
  </dd:invoke>
  <dd:invoke partnerLink="transcodeAndWFAdapterForHttpPortPlk1Var">
    <dd:service name="tcFailure:restService" port="httpPort"></dd:service>
  </dd:invoke>
  <dd:invoke partnerLink="auto_QcAndTranscodePlkVar">
    <dd:service name="Auto_QC:CanonicServiceForTranscode" port="canonicPort"></dd:service>
  </dd:invoke>
  <dd:invoke partnerLink="transcodeAndWFAdapterForHttpPortPlk4Var">
    <dd:service name="tcTotalFailure:restService" port="httpPort"></dd:service>
  </dd:invoke>
</dd:process><dd:process xmlns:autoQcFailed="http://ns.mediasmithsforge.com/foxtel/wfAdapter/autoQcFailed.rest" xmlns:qcAdapter="http://ns.mediasmiths.com/foxtel/qc/adapter" xmlns:autoQcPassed="http://ns.mediasmithsforge.com/foxtel/wfAdapter/autoQcPassed.rest" xmlns:xs="http://www.w3.org/2001/XMLSchema" xmlns:WFAdapter="http://ns.mediasmithsforge.com/foxtel/tx-delivery/WFAdapter" xmlns:dd="http://www.apache.org/ode/schemas/dd/2007/03" xmlns:FSAdapter="http://ns.mediasmiths.com/foxtel/fs/adapter" xmlns:getProfileForQC="http://ns.mediasmithsforge.com/foxtel/wfAdapter/getProfileForQC.rest" xmlns:qcStart="http://ns.mediasmithsforge.com/foxtel/qcAdapterRest/qcStart.rest" xmlns:qcFinished="http://ns.mediasmithsforge.com/foxtel/qcAdapterRest/qcFinished.rest" xmlns:autoQcError="http://ns.mediasmithsforge.com/foxtel/wfAdapter/autoQcError.rest" xmlns:delete="http://ns.mediasmithsforge.com/foxtel/fsAdapter/delete.rest" xmlns:move="http://ns.mediasmithsforge.com/foxtel/fsAdapter/move.rest" xmlns:tcAdapter="http://ns.mediasmiths.com/foxtel/tc/adapter" xmlns:Delivery="http://ns.mediasmithsforge.com/foxtel/tx-delivery/Delivery" xmlns:TX_Delivery="http://ns.mediasmithsforge.com/foxtel/tx-delivery" xmlns:autoQCRequiredForTX="http://ns.mediasmithsforge.com/foxtel/wfAdapter/autoQCRequiredForTX.rest" xmlns:isTaskCancelled="http://ns.mediasmithsforge.com/foxtel/wfAdapter/isTaskCancelled.rest" xmlns:Transcode="http://ns.mediasmithsforge.com/foxtel/tx-delivery/Transcode" xmlns:qcJobCancel="http://ns.mediasmithsforge.com/foxtel/qcAdapterRest/qcJobCancel.rest" xmlns:tns="http://ns.mediasmiths.com/foxtel/wf/adapter" xmlns:QC_Adapter="http://ns.mediasmithsforge.com/foxtel/tx-delivery/QC_Adapter" xmlns:qcResult="http://ns.mediasmithsforge.com/foxtel/qcAdapterRest/qcResult.rest" xmlns:FS_Adapter="http://ns.mediasmithsforge.com/foxtel/tx-delivery/FS_Adapter" xmlns:qcJobResult="http://ns.mediasmithsforge.com/foxtel/qcAdapterRest/qcJobResult.rest" xmlns:this="http://ns.mediasmithsforge.com/foxtel/tx-delivery/Auto_QC" xmlns:xsi="http://www.w3.org/2001/XMLSchema-instance" name="this:Auto_QC" fileName="tx-delivery-Auto_QC.bpel">
  <dd:property name="PATH">tx-delivery</dd:property>
  <dd:property name="SVG">tx-delivery.svg</dd:property>
  <dd:provide partnerLink="auto_QcAndTranscodePlkVar">
    <dd:service name="this:CanonicServiceForTranscode" port="canonicPort"></dd:service>
  </dd:provide>
  <dd:invoke partnerLink="auto_QcAndWFAdapterForHttpPortPlk0Var">
    <dd:service name="autoQCRequiredForTX:restService" port="httpPort"></dd:service>
  </dd:invoke>
  <dd:invoke partnerLink="auto_QcAndWFAdapterForHttpPortPlk4Var">
    <dd:service name="getProfileForQC:restService" port="httpPort"></dd:service>
  </dd:invoke>
  <dd:invoke partnerLink="auto_QcAndQC_AdapterForHttpPortPlk3Var">
    <dd:service name="qcStart:restService" port="httpPort"></dd:service>
  </dd:invoke>
  <dd:invoke partnerLink="auto_QcAndQC_AdapterForHttpPortPlk0Var">
    <dd:service name="qcFinished:restService" port="httpPort"></dd:service>
  </dd:invoke>
  <dd:invoke partnerLink="auto_QcAndWFAdapterForHttpPortPlk5Var">
    <dd:service name="isTaskCancelled:restService" port="httpPort"></dd:service>
  </dd:invoke>
  <dd:invoke partnerLink="auto_QcAndQC_AdapterForHttpPortPlk1Var">
    <dd:service name="qcJobCancel:restService" port="httpPort"></dd:service>
  </dd:invoke>
  <dd:invoke partnerLink="auto_QcAndQC_AdapterForHttpPortPlk2Var">
    <dd:service name="qcResult:restService" port="httpPort"></dd:service>
  </dd:invoke>
  <dd:invoke partnerLink="auto_QcAndWFAdapterForHttpPortPlk3Var">
    <dd:service name="autoQcPassed:restService" port="httpPort"></dd:service>
  </dd:invoke>
  <dd:invoke partnerLink="auto_QcAndWFAdapterForHttpPortPlk2Var">
    <dd:service name="autoQcFailed:restService" port="httpPort"></dd:service>
  </dd:invoke>
  <dd:invoke partnerLink="auto_QcAndDeliveryPlkVar">
    <dd:service name="Delivery:CanonicServiceForAuto_QC" port="canonicPort"></dd:service>
  </dd:invoke>
  <dd:invoke partnerLink="auto_QcAndWFAdapterForHttpPortPlk1Var">
    <dd:service name="autoQcError:restService" port="httpPort"></dd:service>
  </dd:invoke>
  <dd:invoke partnerLink="auto_QcAndFS_AdapterForHttpPortPlkVar">
    <dd:service name="move:restService" port="httpPort"></dd:service>
  </dd:invoke>
</dd:process><dd:process xmlns:caller="http://ns.mediasmithsforge.com/foxtel/qc/caller" xmlns:autoQcFailed="http://ns.mediasmithsforge.com/foxtel/wfAdapter/autoQcFailed.rest" xmlns:tcAdapter="http://ns.mediasmiths.com/foxtel/tc/adapter" xmlns:qcAdapter="http://ns.mediasmiths.com/foxtel/qc/adapter" xmlns:autoQcPassed="http://ns.mediasmithsforge.com/foxtel/wfAdapter/autoQcPassed.rest" xmlns:xs="http://www.w3.org/2001/XMLSchema" xmlns:isTaskCancelled="http://ns.mediasmithsforge.com/foxtel/wfAdapter/isTaskCancelled.rest" xmlns:AutoQC="http://ns.mediasmithsforge.com/foxtel/qc" xmlns:wfadapter="http://ns.mediasmithsforge.com/foxtel/qc/wfadapter" xmlns:assetTransferForQC="http://ns.mediasmithsforge.com/foxtel/wfAdapter/assetTransferForQC.rest" xmlns:dd="http://www.apache.org/ode/schemas/dd/2007/03" xmlns:getProfileForQC="http://ns.mediasmithsforge.com/foxtel/wfAdapter/getProfileForQC.rest" xmlns:FSAdapter="http://ns.mediasmiths.com/foxtel/fs/adapter" xmlns:qcJobCancel="http://ns.mediasmithsforge.com/foxtel/qcAdapterRest/qcJobCancel.rest" xmlns:tns="http://ns.mediasmiths.com/foxtel/wf/adapter" xmlns:qcStart="http://ns.mediasmithsforge.com/foxtel/qcAdapterRest/qcStart.rest" xmlns:qcFinished="http://ns.mediasmithsforge.com/foxtel/qcAdapterRest/qcFinished.rest" xmlns:qcResult="http://ns.mediasmithsforge.com/foxtel/qcAdapterRest/qcResult.rest" xmlns:delete="http://ns.mediasmithsforge.com/foxtel/fsAdapter/delete.rest" xmlns:autoQcError="http://ns.mediasmithsforge.com/foxtel/wfAdapter/autoQcError.rest" xmlns:this="http://ns.mediasmithsforge.com/foxtel/qc/workflow" xmlns:qcadapter="http://ns.mediasmithsforge.com/foxtel/qc/qcadapter" xmlns:xsi="http://www.w3.org/2001/XMLSchema-instance" name="this:workflow" fileName="qc-workflow.bpel">
  <dd:property name="PATH">qc</dd:property>
  <dd:property name="SVG">qc.svg</dd:property>
  <dd:provide partnerLink="callerAndWorkflowPlkVar">
    <dd:service name="this:CanonicServiceForcaller" port="canonicPort"></dd:service>
  </dd:provide>
  <dd:invoke partnerLink="wfadapterAndWorkflowForHttpPortPlk0Var">
    <dd:service name="assetTransferForQC:restService" port="httpPort"></dd:service>
  </dd:invoke>
  <dd:invoke partnerLink="wfadapterAndWorkflowForHttpPortPlk4Var">
    <dd:service name="getProfileForQC:restService" port="httpPort"></dd:service>
  </dd:invoke>
  <dd:invoke partnerLink="qcadapterAndWorkflowForHttpPortPlk3Var">
    <dd:service name="qcStart:restService" port="httpPort"></dd:service>
  </dd:invoke>
  <dd:invoke partnerLink="qcadapterAndWorkflowForHttpPortPlk0Var">
    <dd:service name="qcFinished:restService" port="httpPort"></dd:service>
  </dd:invoke>
  <dd:invoke partnerLink="wfadapterAndWorkflowForHttpPortPlk5Var">
    <dd:service name="isTaskCancelled:restService" port="httpPort"></dd:service>
  </dd:invoke>
  <dd:invoke partnerLink="qcadapterAndWorkflowForHttpPortPlk1Var">
    <dd:service name="qcJobCancel:restService" port="httpPort"></dd:service>
  </dd:invoke>
  <dd:invoke partnerLink="qcadapterAndWorkflowForHttpPortPlk2Var">
    <dd:service name="qcResult:restService" port="httpPort"></dd:service>
  </dd:invoke>
  <dd:invoke partnerLink="wfadapterAndWorkflowForHttpPortPlk3Var">
    <dd:service name="autoQcPassed:restService" port="httpPort"></dd:service>
  </dd:invoke>
  <dd:invoke partnerLink="wfadapterAndWorkflowForHttpPortPlk2Var">
    <dd:service name="autoQcFailed:restService" port="httpPort"></dd:service>
  </dd:invoke>
  <dd:invoke partnerLink="wfadapterAndWorkflowForHttpPortPlk1Var">
    <dd:service name="autoQcError:restService" port="httpPort"></dd:service>
  </dd:invoke>
</dd:process><dd:process xmlns:caller="http://ns.mediasmithsforge.com/foxtel/export/caller" xmlns:xs="http://www.w3.org/2001/XMLSchema" xmlns:tcGetPriority="http://ns.mediasmithsforge.com/foxtel/wfAdapter/tcGetPriority.rest" xmlns:queryJob="http://ns.mediasmithsforge.com/foxtel/tcAdapter/queryJob.rest" xmlns:wfadapter="http://ns.mediasmithsforge.com/foxtel/export/wfadapter" xmlns:FSAdapter="http://ns.mediasmiths.com/foxtel/fs/adapter" xmlns:dd="http://www.apache.org/ode/schemas/dd/2007/03" xmlns:diag="http://ns.mediasmithsforge.com/foxtel/export" xmlns:delete="http://ns.mediasmithsforge.com/foxtel/fsAdapter/delete.rest" xmlns:tcFailure="http://ns.mediasmithsforge.com/foxtel/wfAdapter/tcFailure.rest" xmlns:writeexportcompanions="http://ns.mediasmithsforge.com/foxtel/wfAdapter/writeexportcompanions.rest" xmlns:exportFailed="http://ns.mediasmithsforge.com/foxtel/wfAdapter/exportFailed.rest" xmlns:tcAdapter="http://ns.mediasmiths.com/foxtel/tc/adapter" xmlns:tcTotalFailure="http://ns.mediasmithsforge.com/foxtel/wfAdapter/tcTotalFailure.rest" xmlns:Pool="http://ns.mediasmithsforge.com/foxtel/export/Pool" xmlns:isTaskCancelled="http://ns.mediasmithsforge.com/foxtel/wfAdapter/isTaskCancelled.rest" xmlns:tcPassed="http://ns.mediasmithsforge.com/foxtel/wfAdapter/tcPassed.rest" xmlns:tcadapter="http://ns.mediasmithsforge.com/foxtel/export/tcadapter" xmlns:createJob="http://ns.mediasmithsforge.com/foxtel/tcAdapter/createJob.rest" xmlns:tns="http://ns.mediasmiths.com/foxtel/wf/adapter" xmlns:deleteJob="http://ns.mediasmithsforge.com/foxtel/tcAdapter/deleteJob.rest" xmlns:setPriority="http://ns.mediasmithsforge.com/foxtel/tcAdapter/setPriority.rest" xmlns:this="http://ns.mediasmithsforge.com/foxtel/export/transcode" xmlns:xsi="http://www.w3.org/2001/XMLSchema-instance" name="this:transcode" fileName="export-transcode.bpel">
  <dd:property name="PATH">export</dd:property>
  <dd:property name="SVG">export.svg</dd:property>
  <dd:provide partnerLink="transcodeAndCallerPlkVar">
    <dd:service name="this:CanonicServiceForcaller" port="canonicPort"></dd:service>
  </dd:provide>
  <dd:invoke partnerLink="transcodeAndPoolForHttpPortPlkVar">
    <dd:service name="delete:restService" port="httpPort"></dd:service>
  </dd:invoke>
  <dd:invoke partnerLink="transcodeAndTcadapterForHttpPortPlk0Var">
    <dd:service name="createJob:restService" port="httpPort"></dd:service>
  </dd:invoke>
  <dd:invoke partnerLink="transcodeAndTcadapterForHttpPortPlk2Var">
    <dd:service name="queryJob:restService" port="httpPort"></dd:service>
  </dd:invoke>
  <dd:invoke partnerLink="wfadapterAndTranscodeForHttpPortPlk1Var">
    <dd:service name="isTaskCancelled:restService" port="httpPort"></dd:service>
  </dd:invoke>
  <dd:invoke partnerLink="transcodeAndTcadapterForHttpPortPlk1Var">
    <dd:service name="deleteJob:restService" port="httpPort"></dd:service>
  </dd:invoke>
  <dd:invoke partnerLink="wfadapterAndTranscodeForHttpPortPlk3Var">
    <dd:service name="tcGetPriority:restService" port="httpPort"></dd:service>
  </dd:invoke>
  <dd:invoke partnerLink="transcodeAndTcadapterForHttpPortPlk3Var">
    <dd:service name="setPriority:restService" port="httpPort"></dd:service>
  </dd:invoke>
  <dd:invoke partnerLink="wfadapterAndTranscodeForHttpPortPlk2Var">
    <dd:service name="tcFailure:restService" port="httpPort"></dd:service>
  </dd:invoke>
  <dd:invoke partnerLink="wfadapterAndTranscodeForHttpPortPlk0Var">
    <dd:service name="exportFailed:restService" port="httpPort"></dd:service>
  </dd:invoke>
  <dd:invoke partnerLink="wfadapterAndTranscodeForHttpPortPlk6Var">
    <dd:service name="writeexportcompanions:restService" port="httpPort"></dd:service>
  </dd:invoke>
  <dd:invoke partnerLink="wfadapterAndTranscodeForHttpPortPlk4Var">
    <dd:service name="tcPassed:restService" port="httpPort"></dd:service>
  </dd:invoke>
  <dd:invoke partnerLink="wfadapterAndTranscodeForHttpPortPlk5Var">
    <dd:service name="tcTotalFailure:restService" port="httpPort"></dd:service>
  </dd:invoke>
</dd:process></dd:deploy>